mention,n
@wikileaks_forum,7
@smsteinitz,4
@20committee,3
@supportJAdotcom,3
@ThePressProject,3
@voidiss,3
@WL,3
@aiww,2
@AnnieDarkhorse,2
@d1gi,2
@davidgcrouch,2
@dborch,2
@gerge42,2
@Godlike_Tyrant,2
@h,2
@ioerror,2
@JuiceRapNews,2
@M,2
@madsvid,2
@ProfessorsBlogg,2
@SIDA,2
@virgilgr,2
@wikileaks,2
@wikileaks_turk,2
@wikileakz_forum,2
@YourAnonNews,2
@3,1
@51,1
@52,1
@AbbyMartin,1
@agolis,1
@alexnunns,1
@AlfredseZayas,1
@andreaspcar,1
@AndrewSymeou1,1
@Anon_Emy,1
@AnonCopWatch,1
@ascorbic,1
@AssangeNews,1
@bennd77,1
@Bernstein,1
@beyourownreason,1
@birgittaj,1
@blumo0n,1
@butlincat,1
@Cabledrum,1
@CareyShenkman,1
@carlbildt,1
@carwinb,1
@couragefound,1
@csoghoian,1
@davidsoloff,1
@DiEM25,1
@DiploMog,1
@DouglasLucas,1
@EmbassyCat,1
@EmpireFiles,1
@euanwrites,1
@evagolinger,1
@fabiochiusi,1
@fempowerme,1
@foreignoffice,1
@garymlord,1
@GeorgeMonbiot,1
@ggreenwald,1
@hazelpress,1
@hazelpress2,1
@Hazelpress2,1
@hcker_centre,1
@hxmonsegur,1
@ike_saul,1
@jack,1
@jamesrbuk,1
@Joel_Harding,1
@joeunchill,1
@journalismfest,1
@jrschlosberg,1
@JudeNewcomb,1
@JulianAssngeNws,1
@Justice4Assange,1
@kaepora,1
@karwalski,1
@LBC,1
@LonFowL,1
@LouiseMensch,1
@m,1
@m_cetera,1
@MaajidNawaz,1
@Madsvid,1
@madsvim,1
@malikobama_,1
@ManningTrial,1
@MatthewBevan,1
@McFall,1
@McFaul,1
@memster1,1
@Mignatiou,1
@MMMWeekly,1
@Morpheus______,1
@musalbas,1
@nickhopkinsnews,1
@ObamaMalik,1
@opengovme,1
@paulmasonnews,1
@PGPBOARD,1
@RA_Medienrecht,1
@RandPaul,1
@Researchgruppen,1
@RNBreakfast,1
@samsinger,1
@SAWCSydney,1
@SheriffSands,1
@SMaurizi,1
@SMcDonaldFCO,1
@support,1
@svt,1
@svtnyheter,1
@sweden,1
@Swedenin,1
@swedenvsassange,1
@thesnp,1
@tomatorepublic,1
@topical_hq,1
@TorEkelandPC,1
@TPP_en,1
@TransTroops,1
@wikileakBot,1
@WikiLeaks,1
@WikiLeaksParty,1
@WikiLeaksShop,1
@WilkinReports,1
@WISEUpWales,1
@wlartforce,1
@wlynnae,1
@xychelsea,1
@YanisVaroufakis,1
@YourAnonCentral,1
@ZULU4O1,1
