mention,text,date,user
@AnnieDarkhorse,@AnnieDarkhorse seems pretty reliable too,2015-05-01 14:43:08,WikiLeaks
@karwalski,@karwalski also,2015-05-01 14:45:16,WikiLeaks
@voidiss,"Agree re Annie. I‚Äôm corresponding with @voidiss, she‚Äôs solid adn enthusiastic, but she‚Äôs very young. Might let her keep picking up from me.",2015-05-01 14:45:42,LibertarianLibrarian
@AnnieDarkhorse,"Jen, could you try adding @AnnieDarkhorse?",2015-05-01 14:52:46,noll
@DouglasLucas,any thoughts on whether @DouglasLucas would be interested?,2015-05-01 15:07:29,noll
@WISEUpWales,@WISEUpWales,2015-05-01 15:25:25,noll
@SAWCSydney,@SAWCSydney is also good,2015-05-01 16:49:45,WikiLeaks
@xychelsea,Did you notice @xychelsea dissing the Baltimore protesters?,2015-05-03 01:15:57,WikiLeaks
@TransTroops,@TransTroops are trolling CM statue & Courage to Resist/ CM Defense Fund‚Äôs donation spend.,2015-05-03 19:30:05,noll
@ManningTrial,"Em, yes would do. / M, agree. think worth noting it‚Äôs there ‚Äì seems similar to old prolific (now suspended) troll account: @ManningTrial",2015-05-03 21:02:25,noll
@fempowerme,Anke Domscheit-Berg @fempowerme,2015-05-06 09:43:54,Emmy B
@opengovme,Anke Domscheit-Berg @opengovme,2015-05-06 09:44:18,Emmy B
@madsvim,Worth educating: @madsvim (31k followers),2015-05-11 09:08:58,WikiLeaks
@madsvid,Unlike prospect of success with @madsvid https://uk.linkedin.com/in/madsnj,2015-05-11 09:42:59,Emmy B
@Madsvid,"@Madsvid has 30k followers ‚Äì but is also following 30k which suggests ‚ÄòI follow you, you follow me‚Äô, so people who don‚Äôt actually care",2015-05-11 09:54:32,M
@AndrewSymeou1,Very good interview with @AndrewSymeou1 about his ordeal brought on by EAW https://www.youtube.com/watch?v=m52Zk9Pax-U,2015-05-11 11:04:40,Emmy B
@madsvid,"Something dodgy about @madsvid followers/follows all about marketing, purchase followers, branding oh & he follows the usual Guardian crowd",2015-05-14 01:50:55,Emmy B
@carwinb,@carwinb. https://twitter.com/carwinb/status/597605840217088000https://twitter.com/carwinb/status/597606001060270080https://twitter.com/carwinb/status/597606387406020608https://twitter.com/carwinb/status/597606635314479104,2015-05-14 13:29:35,noll
@thesnp,I just found a public list compiled by @thesnp (official twitter account) with 57 MSPs (Members of Scottish Parliament),2015-05-16 15:43:15,Emmy B
@hazelpress2,"will do via @hazelpress2, for obvious reasons like to keep main account spartan.",2015-05-16 19:53:52,noll
@wikileaks,Sounds like he needs help. Ideas? Will forward the new WL submission link. @wikileaks,2015-05-16 22:19:25,WISE Up Wales
@hazelpress,"all the same it‚Äôs hilarious (@hazelpress turns up: Revolution Live, Fort Lauderdale, Florida). fyi FOI three is not getting a case no. ‚Äì",2015-05-18 08:51:22,noll
@wikileaks_forum,"‚Äúdamn, now everyone knows [who tweets from @wikileaks_forum]‚Äù, evidence we‚Äôve seen is rock solid (& v. funny), this is icing on cake, ‚Äì",2015-05-18 09:32:07,noll
@euanwrites,This guy also very outspoken in support of McNeilly @euanwrites giving interviews etc‚Ä¶,2015-05-21 00:07:39,Emmy B
@ascorbic,Add @ascorbic to WLtrolls list. I‚Äôm about to block.,2015-05-29 07:03:08,LibertarianLibrarian
@RandPaul,@RandPaul is at it again: http://www.c-span.org/video/?326227-2/us-senate-debate-nsa-surveillance&live&live,2015-05-31 16:16:18,noll
@carlbildt,"Actions, beginning to look like @carlbildt‚Äôs ‚Äúit‚Äôs not allowed‚Äù wasn‚Äôt only referring to Swe excuses.",2015-06-08 10:25:03,noll
@GeorgeMonbiot,we‚Äôve emailed idea to @GeorgeMonbiot. http://www.twitlonger.com/show/n_1smk2le,2015-06-10 09:09:38,noll
@jrschlosberg,Em Remember Stand Up for Truth @jrschlosberg mentioned the lack of counter narrative in MSM. How to break through that?,2015-06-11 09:28:53,WISE Up Action
@foreignoffice,"Bloomberg article w/ ‚Äúcomment from @foreignoffice, but FO has nothing to do with arranging #Assange MLA‚Äù: https://archive.is/zENE3#selection-3171.0-3171.19",2015-06-15 13:03:41,noll
@hxmonsegur,[Tweet] https://twitter.com/ioerror/status/610601862111338497 Hector X. Monsegur @hxmonsegur 1h Looks like I‚Äôll be heading to Berlin this year. Nice! https://twitter.com/hxmonsegur/status/610593142644047874,2015-06-15 17:59:31,noll
@smsteinitz,@smsteinitz is back on Twitter,2015-06-17 06:09:41,Cabledrum
@ZULU4O1,"is this true? if not, does anyone know who @ZULU4O1 is? ‚Äì all they do is feed Fwlf. https://twitter.com/wikileaks_forum/status/611632517049909248",2015-06-18 15:51:56,noll
@RA_Medienrecht,"At least, the name of MGT‚Äôs lawyer is public now: Dr. Severin M√ºller-Riemenschneider @RA_Medienrecht",2015-06-20 03:15:05,Cabledrum
@smsteinitz,Poll: Who of us is blocked by @smsteinitz? Is anyone blocked by @smsteinitz without prior interaction?,2015-06-20 22:06:13,Cabledrum
@smsteinitz,Poll: Who of us is blocked by @smsteinitz? Is anyone blocked by @smsteinitz without prior interaction?,2015-06-20 22:06:13,Cabledrum
@PGPBOARD,[Tweet] https://twitter.com/jmcest/status/612979843425267712 @PGPBOARD seems to have followed Sandra K.,2015-06-22 09:38:42,noll
@smsteinitz,"[Tweet] https://twitter.com/Cabledrummer/status/613018469588672512 I‚Äôve published a piece on @smsteinitz, in German. Let‚Äôs see how quick the lawyers of ‚ÄúStern‚Äù are ‚Ä¶",2015-06-22 09:43:43,Cabledrum
@52,"[Tweet] https://twitter.com/wikileaks/status/613093177449443329 https://twitter.com/wikileaks/status/613093177449443329https://www.google.co.uk/maps/search/nsa/@52.8382004,-2.3278149,6z/data=!3m1!4b1?hl=enhttps://www.google.co.uk/maps/search/cia/@51.527966,-0.076856,13z/data=!3m1!4b1",2015-06-22 14:42:54,noll
@51,"[Tweet] https://twitter.com/wikileaks/status/613093177449443329 https://twitter.com/wikileaks/status/613093177449443329https://www.google.co.uk/maps/search/nsa/@52.8382004,-2.3278149,6z/data=!3m1!4b1?hl=enhttps://www.google.co.uk/maps/search/cia/@51.527966,-0.076856,13z/data=!3m1!4b1",2015-06-22 14:42:54,noll
@WilkinReports,"The writer Sam Wilkin @WilkinReports could also be asked to link, I will do so, Thanks for the link M",2015-06-23 11:11:16,Emmy B
@paulmasonnews,https://medium.com/@paulmasonnews/greece-did-the-just-euro-die-at-4pm-e4ac4fdc37ca,2015-06-28 11:34:52,noll
@wikileaks_forum,& we‚Äôve finally been blocked by @wikileaks_forum :o),2015-07-04 04:53:52,noll
@csoghoian,see: @csoghoian for HT client list.,2015-07-06 07:15:48,noll
@blumo0n,"can everyone look out for @blumo0n, she wants to put sthing together re MGT/ @support & may be contacting. see: http://lablueyz.blogspot.co.uk/2015/06/i-daesh-pseudo-wikileaksforum.html",2015-07-06 12:34:09,noll
@support,"can everyone look out for @blumo0n, she wants to put sthing together re MGT/ @support & may be contacting. see: http://lablueyz.blogspot.co.uk/2015/06/i-daesh-pseudo-wikileaksforum.html",2015-07-06 12:34:09,noll
@beyourownreason,UK Met/ HT contacts ‚Äì bottom 1/3 of article: https://medium.com/@beyourownreason/revealed-the-true-extent-of-hacking-team-contacts-across-europe-dc04e5bdde2,2015-07-07 03:33:50,noll
@voidiss,I passed to Greta B @voidiss link of JA Logan Symposium video speech including comments about the Guardian‚Äôs role as she showed interest‚Ä¶,2015-07-12 03:09:37,Emmy B
@gerge42,"@gerge42‚Äôs feeding of @wikileaks_forum is moving from less than helpful, to v. helpful ‚Äì to Fwlf. not sure what can be done.",2015-07-12 05:52:42,noll
@wikileaks_forum,"@gerge42‚Äôs feeding of @wikileaks_forum is moving from less than helpful, to v. helpful ‚Äì to Fwlf. not sure what can be done.",2015-07-12 05:52:42,noll
@20committee,"[Tweet] https://twitter.com/AASchapiro/status/621061824256077825 can‚Äôt stand @20committee, but this is quite funny.",2015-07-14 14:06:21,noll
@gerge42,blocked: @gerge42,2015-07-16 03:30:51,noll
@ggreenwald,Pretty interesting: @ggreenwald on why Snowden has more public support than Manning http://www.newsweek.com/glenn-greenwald-why-americans-prefer-edward-snowden-chelsea-manning-355644,2015-07-20 14:25:40,M
@ProfessorsBlogg,That‚Äôs a great idea! Would it have to be Swedish citizens or journalists? I‚Äôm sure @ProfessorsBlogg would be willing to help.,2015-07-25 10:47:21,LibertarianLibrarian
@davidgcrouch,Maybe ask @davidgcrouch if he‚Äôs planning on writing about it.,2015-08-10 07:34:24,M
@MMMWeekly,I am unblocking Christine Ann Sands accounts to see what she is up to. Million Mask March @MMMWeekly Sands Sands @SheriffSands,2015-08-19 09:30:40,Emmy B
@SheriffSands,I am unblocking Christine Ann Sands accounts to see what she is up to. Million Mask March @MMMWeekly Sands Sands @SheriffSands,2015-08-19 09:30:40,Emmy B
@agolis,"Andrew Golis @agolis, is not just JV‚Äôs husband and not just anti-JA. He was involved in the PBS documentary attack on WL. After airing it, PBS was hacked by anons in response and forced to issue a humiliating press release stating that Tupac was alive and found in New Zealand.",2015-08-25 08:32:41,WikiLeaks
@davidgcrouch,"@davidgcrouch reported on the docs showing that FBI requested Snowden‚Äôs extradition from Scandinavian countries. Includes quote from TO: ‚ÄúThis shows the Americans are very determined to get their hands on people that they think have damaged their security or a threat to security policy, and that includes of course Julian Assange.‚Äù http://www.theguardian.com/us-news/2015/aug/28/edward-snowden-fbi-norway-extradite-julian-assange",2015-08-28 09:21:50,M
@m_cetera,"@m_cetera, may you ask to your contact with the Times‚Äô subscription about this article too? http://www.thetimes.co.uk/tto/news/uk/article4525715.ece",2015-08-29 10:24:42,voidiss
@wikileaks,"@wikileaks, may I suggest you share publicly this information about Ecuador? This would help, so who say ‚ÄúWL never talks about Ecuador‚Äù should have to shut up, and moreover awareness would increase. But it‚Äôs just my opinion‚Ä¶",2015-08-31 11:35:45,voidiss
@JuiceRapNews,[Tweet] https://twitter.com/thejuicemedia/status/638864292473761792 @JuiceRapNews on being used for Ball‚Äôs ‚Äúroom confirmation‚Äù,2015-09-02 13:52:15,M
@JuiceRapNews,I love @JuiceRapNews!,2015-09-02 14:35:56,LibertarianLibrarian
@couragefound,Sana Saleem (of @couragefound etc) tweeted out a few things against the Ball article. https://twitter.com/sanasaleem,2015-09-03 07:31:06,M
@supportJAdotcom,@supportJAdotcom seems another new version of the WLF.,2015-09-04 04:36:46,voidiss
@nickhopkinsnews,@nickhopkinsnews expression as JA read out ‚Äúchildren of Thatcher‚Äù cable.. picture worth a thousand wordss etc.,2015-09-08 05:43:04,noll
@memster1,"Talented street photographer @memster1 has left twitter moving onto different projects, we shall miss his work at the vigil and his presence. He is off work and looking to change his life.",2015-09-12 05:10:41,Emmy B
@garymlord,"[Tweet] https://twitter.com/jaraparilla/status/643360024597651456 MT‚Äôs statement is surely rather positive; even if he didn‚Äôt approve WL‚Äôs action completely, he seemed to care about protection for JA about assassinations. But‚Ä¶ this is what @garymlord thinks about those MT‚Äôs words:",2015-09-14 06:30:37,voidiss
@wikileakBot,Does anyone know ‚ÄòWikiLeaks Bot @wikileakBot‚Äô it RTs the trolls as well as others.,2015-09-14 08:30:32,Emmy B
@fabiochiusi,"@fabiochiusi, an Italian journalist, has written two short comments on the issue of Aylan‚Äôs photo‚Äôs circulation in the social media. Doind so he raises some other very important and interesting points, in my opinion: https://www.facebook.com/fabio.chiusi.9/posts/10153034050986674https://www.facebook.com/fabio.chiusi.9/posts/10153036438106674",2015-09-15 12:55:17,voidiss
@alexnunns,@alexnunns quotes JA on threat from security services (to Corbyn) in this Corbyn piece for Le Monde which has made front page. English here: http://mondediplo.com/2015/10/04corbyn,2015-10-02 07:21:44,WISE Up Action
@AbbyMartin,WLs @ 23.27 of latest @AbbyMartin @EmpireFiles on history of SaudiArabia https://www.youtube.com/watch?v=TmSRWXCosxc,2015-10-03 17:33:11,WISE Up Action
@EmpireFiles,WLs @ 23.27 of latest @AbbyMartin @EmpireFiles on history of SaudiArabia https://www.youtube.com/watch?v=TmSRWXCosxc,2015-10-03 17:33:11,WISE Up Action
@WL,"@WL ‚Äì TT picked up MRI story and it got published in SvD. Yesterday, I think. http://www.svd.se/ingen-fri-lejd-for-assange",2015-10-15 10:37:03,M
@WL,@WL There is an excellent (& very kind) acupuncturist from Bristol who would be happy to come and see JA next week. Her availability should be known later today. I will be offline shortly until Sunday evening ‚Äì but I understand that further contact about this should be coming from Lauri Love.,2015-10-16 04:08:21,Bean
@jamesrbuk,Haha @jamesrbuk‚Äôs timeline is gold right now. Someone‚Äôs upset his shitty story is losing to the truth.,2015-10-19 05:07:39,M
@dborch,This @dborch journalist is an enemy for some reason.,2015-10-19 11:35:52,WikiLeaks
@dborch,@dborch follows Mark Klamberg referred to by http://wikiwatch.org.uk,2015-10-19 12:31:26,Emmy B
@SIDA,The thing is funded and run by @SIDA and the ministry of foreign affairs.,2015-10-20 13:01:42,WikiLeaks
@SIDA,"@SIDA Is Sweden‚Äôs soft-power-bribery agency. It works the same as USAID, buying off different groups with funding.",2015-10-20 13:03:19,WikiLeaks
@ioerror,@ioerror used to attend until they worked out that he was sort of WL.,2015-10-20 13:06:59,WikiLeaks
@SMaurizi,"WLF, Eckersley are harassing @SMaurizi over latest FOIA docs https://twitter.com/SMaurizi",2015-10-21 07:20:42,M
@WikiLeaksShop,Be good to get a bit of promo on this one day sale @WikiLeaksShop today‚Ä¶,2015-10-21 12:07:04,Bean
@wikileaks_forum,I just submitted a Twitter complaint for 81 @wikileaks_forum harassment tweets (to strengthen Chris‚Äôs efforts mostly who submitted on Sunday her own massive complaint),2015-10-29 08:17:06,Emmy B
@tomatorepublic,Potential new troll @tomatorepublic https://archive.is/ehSiE,2015-11-03 04:57:54,Emmy B
@birgittaj,"IPU adopted resolution proposed by @birgittaj about digital rights, privacy and personal freedom: https://translate.google.co.uk/translate?hl=en&sl=is&tl=en&u=https%3A%2F%2Fimmi.is%2Fblog%2F2015%2F11%2F03%2Falyktun-althjodathingmannasambandsins-lydraedi-i-stafraenum-heimi%2F&sandbox=1",2015-11-03 08:42:51,voidiss
@aiww,"Btw, if you haven‚Äôt seen it, @aiww has been tweeting out Lego portrait plans of dissidents. Very neat. https://twitter.com/aiww/media",2015-11-04 08:30:56,M
@YourAnonNews,"Oh great @YourAnonNews tweets Christine Ann Sands map and site and WL re-tweets, ok next time I see her I will roll the red carpet! :-p",2015-11-05 10:12:58,Emmy B
@YourAnonNews,"@ WL the @YourAnonNews you re-tweeted, if you click their link, it is Christine‚Äôs Map from her website and her website appears on the left.",2015-11-05 12:05:37,Emmy B
@3,"David Walsh, journalist who exposed Lance Armstrong, makes interesting some comments re Gibney in this video i.e. him failing to do his journalistic duty (@3:12) http://www.heyuguys.com/david-walsh-interview-the-program/",2015-11-08 08:24:44,M
@Joel_Harding,@Joel_Harding,2015-11-09 15:50:53,Emmy B
@YourAnonCentral,Think someone got a hold of the @YourAnonCentral account? They‚Äôve been on an anti-WL/JA tirade for a couple days now.,2015-11-15 12:09:24,M
@musalbas,Apparently created by @musalbas https://twitter.com/musalbas/status/667396930645958657,2015-11-19 10:03:07,WISE Up Action
@ioerror,You can also find link below to @ioerror piece on democracy on same site.,2015-11-23 07:31:44,WISE Up Action
@evagolinger,"Might be time for WL to send out a reminder that WLF is fraud etc, especially after the @evagolinger stuff.",2015-11-23 11:03:45,M
@samsinger,and @samsinger (PR Chevron) is RTing FWLF and twiting non stop the ‚Äòstory‚Äô,2015-11-23 11:23:42,Emmy B
@kaepora,"Regarding Foges‚Äô piece blaming encryption and all the rest, this post by @kaepora is also great: https://nadim.computer/2015/11/23/on-encryption-and-terrorists.html",2015-11-23 11:58:36,voidiss
@svtnyheter,@svtnyheter has an article about a letter from US to Sweden in 2013 asking for cooperation in extraditing Snowden as soon as he reaches Swedish soil: https://translate.google.co.uk/translate?hl=en&sl=sv&u=http://www.svt.se/nyheter/inrikes/brevet-fran-usa-till-sverige-hjalp-oss-fanga-snowden&prev=search,2015-12-02 13:38:57,voidiss
@svt,"Today at 20.00 @svt will broadcast a documentary about the attempt to grant Snowden asylum in Sweden, obv failed: https://translate.google.it/translate?hl=it?sl=sv&tl=en&u=http%3A//www.svt.se/dokument-inifran/asylarende-snowden",2015-12-03 00:55:08,voidiss
@aiww,Cute. A very young JA in @aiww‚Äôs Melbourne exhibit. https://www.instagram.com/p/-_FtWPqD0T/,2015-12-07 08:29:33,M
@voidiss,By the way‚Ä¶ I have written a thing about JA case. If you want to read it: https://medium.com/@voidiss/julian-assange-case-a-system-of-lies-and-manipulation-c572d66d992b#.d3xvadmml,2015-12-10 23:59:40,voidiss
@butlincat,And talking about cats‚Ä¶ there is a twitter account @butlincat and a blog http://butlincat.blogspot.co.uk/2015/12/wikileaks-updates-16-dec-15-award-for-p.html,2015-12-16 12:46:05,Emmy B
@Justice4Assange,"Yes. It seems to be the logo of @Justice4Assange, another group (I suppose) supporting JA. The Twitter account hasn‚Äôt been active since 2012, though.",2015-12-20 10:34:52,voidiss
@LouiseMensch,HNY everyone. Please stimulate @LouiseMensch into making her JA libels clear so we can sue her. Re: https://twitter.com/search?f=tweets&vertical=default&q=from%3ALouiseMensch%20assange&src=typd,2016-01-01 16:53:52,WikiLeaks
@Swedenin,Most the European ones are not in that list as they did not come up in my initial search @Swedenin,2016-01-27 10:34:23,Emmy B
@swedenvsassange,Does anyone know why @swedenvsassange is suspended?,2016-01-28 21:23:26,WISE Up Action
@CareyShenkman,[Tweet] https://twitter.com/m_cetera/status/695296194369736704 This is a really good point by @CareyShenkman.,2016-02-04 09:22:09,M
@m,"Ha ha, @m ‚Äì tweet that!!",2016-02-06 15:38:17,WISE Up Action
@Cabledrum,"@Cabledrum, if you could make a recording of it I would be grateful, still have not managed to learn how to download videos.",2016-02-07 10:59:48,Emmy B
@M,"@M don‚Äôt worry, it is one of my own videos which I have uploaded they have reloaded it with a different title and summary, Not to worry, I thought you meant they had made their own video, ie they were there. I am not concerned about this one but thanks very much for keeping an eye üôÇ",2016-02-07 11:23:42,Emmy B
@DiEM25,Good Speech by JA at @DiEM25 hopefully in video too https://deutsch.rt.com/live/36711-live-varoufakis-startet-offiziell-bewegung/,2016-02-09 13:48:01,Emmy B
@jack,And people complaining @jack,2016-02-11 16:09:06,WISE Up Action
@wikileaks_forum,@wikileaks_forum is gone now,2016-02-12 23:18:55,M
@supportJAdotcom,He‚Äôs just cleaning his timeline or removing temporarily pending court case result he has not given up @supportJAdotcom for example,2016-02-13 01:10:37,Emmy B
@AssangeNews,@AssangeNews appears to be a huffpost asset.,2016-02-13 06:58:44,WikiLeaks
@JulianAssngeNws,She was referring to this account: @JulianAssngeNws,2016-02-13 07:01:06,M
@wikileaks_forum,The closure of @wikileaks_forum is a very strange development. I have no idea what the reason for it could be. I can‚Äôt imagine that MGT would ever give up this Twitter account voluntarily.,2016-02-13 21:20:43,Cabledrum
@wikileakz_forum,Not sure what‚Äôs going on here: @wikileakz_forum,2016-02-14 01:07:00,M
@wikileakz_forum,So any ideas why WLF would start with a fresh account? @wikileakz_forum At least with the ‚Äòz‚Äô they won‚Äôt trick people into thinking they‚Äôre legit.,2016-02-14 10:27:25,M
@AnonCopWatch,See @AnonCopWatch,2016-02-15 13:23:44,WISE Up Action
@LonFowL,[Tweet] https://twitter.com/UNAUK/status/699878540829945856 via @LonFowL,2016-02-17 01:31:30,Emmy B
@AlfredseZayas,[Tweet] https://twitter.com/m_cetera/status/700253958783107072 Radio bit with @AlfredseZayas.,2016-02-18 01:45:18,M
@topical_hq,why is MGT promoting @topical_hq http://archive.is/pINsP,2016-02-21 11:55:40,Emmy B
@Hazelpress2,"Hi everyone, I just added Hazel @Hazelpress2 the backup account re-joining us, as first account has problems. Their new site address is: http://hazelpress.org.uk/",2016-02-23 08:53:09,Emmy B
@M,"@M, Em, Bean ‚Äì re curating list etc ‚Äì many of the responses to UNGWAD are in the post on our site ‚Äì last section ‚Äì RESOURCES, though I‚Äôm behind and have a list of more recent links to add still. Intention was always to keep it updated as a resource. Here http://wiseupaction.info/2016/02/07/sweet-victory-assange-vindication-by-united-nations-summary-resources/",2016-02-23 17:21:21,WISE Up Action
@Anon_Emy,Just to mention @Anon_Emy is NOT me,2016-03-01 09:30:27,Emmy B
@ProfessorsBlogg,[Tweet] https://twitter.com/VK_Allt/status/705143683604021248 Article from @ProfessorsBlogg in VK,2016-03-02 13:48:59,M
@Researchgruppen,"@Researchgruppen was put early on on our anti- wikileaks Troll list (recommended for blocking) early on, can‚Äôt remember why I added their name at the time, they must have trolled us.",2016-03-08 11:19:58,Emmy B
@hcker_centre,"[Media-image] https://ton.twitter.com/1.1/ton/data/dm/711034991287861251/711034991317282816/H7ht88K8.jpg Not a clue, have @hcker_centre blocked, where not always as sharp: (from 2013)",2016-03-18 20:42:06,Emmy B
@YanisVaroufakis,"[Tweet] https://twitter.com/yanisvaroufakis/status/716153376896057344 @YanisVaroufakis sent out a few tweets re the release, too.",2016-04-02 02:29:27,M
@Mignatiou,"Latest from @Mignatiou in Washington, he is a correspondent who always attends IMF briefings etc, he has a lot to report: https://translate.google.co.uk/translate?hl=en&sl=el&u=https://mignatiou.com/2016/04/apantisi-pigon-to-dnt-zita-miosi-ton-metron-ke-megaliteri-elafrinsi-tou-chreous/&prev=search",2016-04-02 12:30:35,Emmy B
@journalismfest,"Neither with Tor? Anyway, you can try to ask @journalismfest, maybe they know.",2016-04-08 12:05:24,voidiss
@wikileaks_forum,"@ W ‚Äì I could not tell you why the account is suspended Twitter has never taken action to over 80 individual complaints I have filed in the past against @wikileaks_forum account. Twitter has suspended MGT‚Äôs account once in 2014 and another time in Sep 2015 in response to Chris‚Äôs complaints. They have also been suspended once perhaps due to copyright violation, as they used an artwork without permission.",2016-04-09 02:06:21,Emmy B
@ThePressProject,Greece: The Open Project by the @ThePressProject promises later on today to throw light to the Bailout Negotiations in Greece in an unprecedented manner. It hints that the volume of information will be substantial. Will it follow the WikiLeaks model? I shall keep you posted.,2016-04-18 01:24:16,Emmy B
@ThePressProject,Part of the #openproject @ThePressProject refers to the #WikiLeaks #IMF leak with a complete translation of the WL transcript into Greek and a short analysis (very much in the lines of JA‚Äôs editorial). The Link is here: http://www.thepressproject.gr/mou/index.php?aid=93002,2016-04-18 09:44:43,Emmy B
@ThePressProject,"The #OpenProject is a release of the original negotiating text between Greece and Troika. From what I understand bits of it (but not in its entirety) has appeared at times in Newspapers. @ThePressProject attempts to present it in its entirely, both in Greek and in English with the demand that the negotiations should not be made in the dark but in the open and place the original document on the Government Transparency Website ‚ÄòOpenGov‚Äô.",2016-04-18 09:47:55,Emmy B
@WikiLeaks,Here the announcement is advertised in Twitter as follows: ‚ÄòTransparency is in your hands #OpenProjectLeaks ‚Äì With @WikiLeaks Protection‚Äô (Referring to the anonymous submission system),2016-04-21 13:15:29,Emmy B
@TPP_en,@TPP_en is re-tweeting Sands *throwing toy out of pram* Grrrr that woman!,2016-04-24 13:27:16,Emmy B
@sweden,[Tweet] https://twitter.com/sweden/status/725547400782290945 Current @sweden user on JA.,2016-04-27 21:54:33,M
@WikiLeaksParty,@WikiLeaksParty is tweeting pro-pedo material? wtf.,2016-05-05 08:17:49,WikiLeaks
@supportJAdotcom,MGT‚Äôs second twitter account @supportJAdotcom has been using my bunny Avatar. After a Copyright Complaint to Twitter the latter has removed the picture from MGT‚Äôs account.,2016-05-10 01:34:50,Emmy B
@SMcDonaldFCO,Check out @SMcDonaldFCO now!,2016-05-25 05:32:42,WikiLeaks
@DiploMog,Good opportunity re JA / @DiploMog,2016-05-25 05:33:22,WikiLeaks
@Godlike_Tyrant,Twitter has unsuspended @Godlike_Tyrant (for the moment),2016-06-07 10:57:11,Cabledrum
@andreaspcar,Andrea Espinoza @andreaspcar from the http://www.eluniverso.com/,2016-06-12 12:19:51,Emmy B
@Godlike_Tyrant,"[Media-image] https://ton.twitter.com/1.1/ton/data/dm/743088219449925635/743088219483471880/VzQRmhiR.jpg @Godlike_Tyrant got suspended again, for this tweet",2016-06-15 07:30:12,Cabledrum
@wikileaks_turk,"interestingly, the actual twitter account screenshot @wikileaks_turk has not tweeted such tweet so I think it is perhaps manufactured as a joke",2016-07-20 03:42:05,Emmy B
@wikileaks_turk,"[Media-image] https://ton.twitter.com/1.1/ton/data/dm/756616753862610951/756616753891971073/w_SSrx24.jpg The @wikileaks_turk twitter account ‚Äòjoke‚Äô tweet, is being picked up by more papers: http://www.dailysabah.com/politics/2016/07/21/wikileaks-release-of-ak-party-emails-with-no-concrete-content-mocked-in-turkey",2016-07-22 15:27:46,Emmy B
@joeunchill,Please quickly correct @joeunchill‚Äôs story on The Hill re Turkey before it spreads,2016-07-28 16:13:12,WikiLeaks
@virgilgr,"Extremely interesting how Singaporean police views whistleblowing, Virgil Griffith Explains here: https://medium.com/@virgilgr/happy-to-discuss-this-but-i-feel-like-ive-made-my-argument-3f2c8cafdf6c#.g47nmqjm2https://medium.com/@virgilgr/tors-branding-pivot-is-going-to-get-someone-killed-6ee45313b559#.m4i7y3i0p",2016-09-05 00:59:39,Emmy B
@virgilgr,"Extremely interesting how Singaporean police views whistleblowing, Virgil Griffith Explains here: https://medium.com/@virgilgr/happy-to-discuss-this-but-i-feel-like-ive-made-my-argument-3f2c8cafdf6c#.g47nmqjm2https://medium.com/@virgilgr/tors-branding-pivot-is-going-to-get-someone-killed-6ee45313b559#.m4i7y3i0p",2016-09-05 00:59:39,Emmy B
@McFall,Having a ball with @McFall‚Äôs tweets. He‚Äôs trying to attack WL but is actually helping to destroy the WL-helps-Russia claim.,2016-09-07 10:05:29,M
@McFaul,*@McFaul,2016-09-07 10:05:45,M
@ike_saul,"please give @ike_saul some love, he was very good to make that correction+admission and to even pin it",2016-10-12 10:59:04,WikiLeaks
@20committee,Anyone know why Alexa O‚ÄôBrien went anti-WikiLeaks? She‚Äôs blocked me. Seems she‚Äôs teamed up with @20committee too. https://twitter.com/carwinb/status/787752537537572864,2016-10-16 15:10:31,M
@h,What do you suggest @h I don‚Äôt understand,2016-10-17 16:22:05,Emmy B
@Bernstein,Did you tweet the reporter too? May be quicker. He‚Äôs @Bernstein,2016-10-18 14:37:21,M
@JudeNewcomb,The URL WL quotes above as deleted is the ‚Äù @JudeNewcomb dude the drones are outside your door.‚Äù https://archive.is/o/7UkQV/https://mobile.twitter.com/davidsoloff/status/788612492360638464?p=v,2016-10-18 23:46:56,Emmy B
@davidsoloff,"Morning! @davidsoloff protected his tweets again, but didn‚Äôt seem to realize how many of us had followed him and can still see them, haha.",2016-10-19 00:55:28,M
@h,"@h perhaps it is part of the checklist when shills hand in work-sheets, archived? tick, tweeted about it? tick, shared in FB? tick, created Reddit? tick and so on and so forth‚Ä¶",2016-10-19 06:25:48,Emmy B
@bennd77,Soloff is back. Just tweeted: ‚Äú@bennd77 dude this was completely a joke. Irony anyone?‚Äù In response to someone showing his now deleted drone tweets archived.,2016-10-19 07:04:31,M
@LBC,[Tweet] https://twitter.com/MaajidNawaz/status/789761167711412225 Prepare for anti-JA/WL propaganda on London Radio @LBC programme runs live now,2016-10-22 04:15:38,Emmy B
@MaajidNawaz,"But I just took a look at her timeline and she took the trouble to write 26 tweets to educate @MaajidNawaz (LBC programme I mentioned above) in defence of Manning‚Äôs release that caused no harm, so thank goodness still firm in supporting Chelsea, which is great.",2016-10-23 11:58:29,Emmy B
@MatthewBevan,interview was with @MatthewBevan of @RNBreakfast,2016-10-24 02:57:12,Emmy B
@RNBreakfast,interview was with @MatthewBevan of @RNBreakfast,2016-10-24 02:57:12,Emmy B
@malikobama_,Here @malikobama_,2016-10-26 16:34:49,Emmy B
@ObamaMalik,WL tweeted from @ObamaMalik without verification it‚Äôs tricky,2016-10-26 16:36:31,Emmy B
@WL,[Card-summary_large_image] http://www.thedailybeast.com/articles/2016/10/27/pussy-riot-s-nadya-tolokno-julian-assange-is-connected-with-the-russian-government.html?source=TDB&via=FB_Page Oh dear if you have such friends‚Ä¶. @WL Courage trusties gone riot (sorry) Nadya claims JA is in cahoots with Putin,2016-10-27 15:40:39,Emmy B
@EmbassyCat,[Tweet] https://twitter.com/WikiLeaksShop/status/792508931889332224 @EmbassyCat may like to retweet this:,2016-10-29 16:44:07,Bean
@d1gi,[Card-summary_large_image] https://medium.com/@d1gi/the-election2016-micro-propaganda-machine-383449cc1fba#.f0l0cwgco ‚ÄúThe #Election2016 Micro-Propaganda Machine‚Äù by @d1gi,2016-12-04 11:01:39,Emmy B
@d1gi,[Card-summary_large_image] https://medium.com/@d1gi/the-election2016-micro-propaganda-machine-383449cc1fba#.f0l0cwgco ‚ÄúThe #Election2016 Micro-Propaganda Machine‚Äù by @d1gi,2016-12-04 11:01:39,Emmy B
@TorEkelandPC,Lauri Love‚Äôs attorney Tor Ekeland @TorEkelandPC is so anti-Trump he keeps re-tweeting John Schindler @20committee !!! what is happening in America?,2017-02-18 14:11:08,Emmy B
@20committee,Lauri Love‚Äôs attorney Tor Ekeland @TorEkelandPC is so anti-Trump he keeps re-tweeting John Schindler @20committee !!! what is happening in America?,2017-02-18 14:11:08,Emmy B
@Morpheus______,"Vault7, Free advertisement, curation for eternity, or copyright infringement? http://newandroidbook.com/@Morpheus______",2017-03-11 03:03:44,Emmy B
@wlynnae,[Card-summary_large_image] https://lynnaewilliams.com/2017/03/wikileaks-a-spy-agency-for-the-21st-century/ From 27 of March a lot of the arguments Pompey outlined in his rant can be found in this short essay https://lynnaewilliams.com/2017/03/wikileaks-a-spy-agency-for-the-21st-century/@wlynnae she has penned another essay in her blog about Vault7,2017-04-15 08:33:01,Emmy B
@wlartforce,update of an oldie today and a new one from @wlartforce tomorrow üôÇ,2017-06-18 10:31:21,Bean
